# idx, p10_mean, p50_mean, p90_mean, p10_dev, p50_dev, p90_dev
1a(N/m2),112105.8,112217,112284.3,,,
1b(N/m2),105255,105255,105317.1,,,
2(s),18000,18000,18000,,,
3a,0.000548562,0.00156721,0.00157959,,,
3b,0,0,0,,,
3c,0.003824739,0.00534237,0.005998148,,,
3d,0.000667221,0.000757962,0.000853543,,,
4a,1.4851E-18,2.96104E-18,3.40054E-17,,,
4b,0,0,0,,,
4c,1.86097E-05,2.77567E-05,0.001613047,,,
4d,2.57976E-06,3.80916E-06,2.34433E-05,,,
5,12283.62313,13059.20026,14023.2197,,,
6,0,0,0,0,0,0
